{
  "Tomato___Bacterial_spot": [
      "Use resistant tomato varieties.",
      "Avoid overhead irrigation to minimize the spread of bacteria.",
      "Sanitize tools and equipment between uses.",
      "Remove infected plant debris from the field and compost or burn it.",
      "Apply copper-based bactericides or other recommended antibiotics.",
      "Practice crop rotation with non-host plants."
  ],
  "Tomato___Early_blight": [
      "Use disease-resistant tomato varieties.",
      "Provide adequate space between plants for air circulation to reduce humidity.",
      "Mulch the soil around plants to reduce soil splash.",
      "Remove infected lower leaves to prevent the spread of the fungus.",
      "Apply fungicides as a preventive measure, especially during wet weather.",
      "Practice crop rotation and avoid planting tomatoes in the same spot each year."
  ],
  "Tomato___Late_blight": [
      "Use resistant tomato varieties.",
      "Remove infected plant material and destroy it immediately.",
      "Improve field drainage to avoid waterlogging.",
      "Use fungicides as soon as the disease is detected, especially in humid conditions.",
      "Practice crop rotation with non-solanaceous crops (like beans or peas).",
      "Avoid watering in the evening, as this promotes fungal growth."
  ],
  "Tomato___Leaf_Mold": [
      "Ensure good air circulation by properly spacing plants.",
      "Avoid watering the leaves, especially during the evening.",
      "Use resistant tomato varieties where available.",
      "Remove and destroy infected leaves.",
      "Apply fungicides (such as chlorothalonil or copper-based products) to manage the spread."
  ],
  "Tomato___Septoria_leaf_spot": [
      "Use resistant tomato varieties.",
      "Remove and dispose of infected leaves and plant material.",
      "Avoid wetting the foliage while watering.",
      "Apply fungicides to prevent the spread of the disease, especially during rainy periods.",
      "Rotate crops to reduce the buildup of the pathogen in the soil."
  ],
  "Tomato___Spider_mites_Two-spotted_spider_mite": [
      "Use resistant tomato varieties when possible.",
      "Regularly inspect plants for the presence of spider mites and their webs.",
      "Encourage natural predators (such as ladybugs) to control mite populations.",
      "Use insecticidal soaps or miticides as a control measure.",
      "Avoid using broad-spectrum insecticides that kill beneficial mites.",
      "Keep the environment cool and humid, as spider mites thrive in hot, dry conditions."
  ],
  "Tomato___Target_Spot": [
      "Use resistant tomato varieties.",
      "Improve field drainage to prevent waterlogging.",
      "Remove and destroy infected plant debris.",
      "Apply fungicides (such as chlorothalonil or mancozeb) to prevent the disease.",
      "Practice crop rotation with non-solanaceous crops to reduce the pathogen's presence."
  ],
  "Tomato___Tomato_Yellow_Leaf_Curl_Virus": [
      "Control whiteflies, the primary vector of the virus, using insecticides or natural predators.",
      "Use insect-resistant tomato varieties.",
      "Remove infected plants from the field immediately to reduce virus spread.",
      "Avoid planting during peak whitefly season or at least use whitefly repellents."
  ],
  "Tomato___Tomato_mosaic_virus": [
      "Use virus-resistant tomato varieties.",
      "Practice good field hygiene by disinfecting tools and equipment.",
      "Control aphids, which are vectors for the virus, using insecticides or natural predators.",
      "Avoid handling plants when they are wet to minimize the risk of virus transmission."
  ],
  "Tomato___healthy": [
      "Regularly inspect plants for early signs of disease.",
      "Maintain proper spacing to ensure adequate air circulation.",
      "Practice good field hygiene, removing plant debris and weeds.",
      "Provide appropriate irrigation and fertilization to keep plants healthy.",
      "Use crop rotation and avoid planting tomatoes in the same area year after year."
  ]
}